<!DOCTYPE mapper
    PUBLIC "-//mybatis.org//DTD Mapper 3.0//EN"
    "https://mybatis.org/dtd/mybatis-3-mapper.dtd">

<mapper namespace="com.java.mapper.BoardMapper">

  <!-- 게시글 전체가져오기 -->
  <select id="selectAll" resultType="com.java.dto.BoardDto">
     select * from board order by bgroup desc,bstep asc
  </select>
  
  <!-- 게시글 1개 가져오기 -->
  <select id="selectOne" resultType="com.java.dto.BoardDto">
     select * from board where bno=#{bno}
  </select>
  
  <!-- 하단댓글 전체가져오기 -->
  <select id="selectComAll" resultType="com.java.dto.CommentDto">
     select * from commentBoard where bno=#{bno}
  </select>
  
  <!-- 하단댓글 저장 -->
  <insert id="commentInsert">
     <selectKey resultType="int" keyProperty="cno" order="BEFORE">
          select comment_seq.nextval from dual
     </selectKey>
     insert into commentBoard values
     (#{cno},#{bno},#{id},#{cpw},#{ccontent},sysdate ) 
  </insert>
   
   
   
   
   
   
   
   
   
   
   

</mapper>