<!DOCTYPE mapper
    PUBLIC "-//mybatis.org//DTD Mapper 3.0//EN"
    "https://mybatis.org/dtd/mybatis-3-mapper.dtd">

<mapper namespace="com.java.mapper.BoardMapper">
   <!-- 게시글 전체가져오기 -->
   <select id="selectAll" resultType="com.java.dto.BoardDto">
      select * from board order by bgroup desc, bstep asc
   </select> 
   
   <!-- 게시글 1개가져오기 -->
   <select id="selectOne" resultType="com.java.dto.BoardDto">
      select * from board where bno=#{bno}
   </select>
   
   <!-- 게시글 1개저장 -->
   <insert id="insertOne">
      insert into board values (board_seq.nextval,#{id},#{btitle},#{bcontent},
      sysdate,0,board_seq.currval,0,0,#{bfile})
   </insert>
   
   <!-- 게시글 1개삭제 -->
   <delete id="deleteOne">
      delete board where bno=#{bno}
   </delete>
   
   <!-- 게시글 1개수정 -->
   <update id="updateOne">
      update board set btitle=#{btitle},bcontent=#{bcontent},bfile=#{bfile} 
      where bno=#{bno}
   </update>


</mapper>